insert into role(id, roleName) values (nextval('role_id_seq'), 'COTTAGE_OWNER');                                                          --jabuka123
insert into registeredUser(username, password, name, surname, email, address, city, country, phone, role_id, enabled) values ('Piwneuh', '$2a$10$UVn74F/yEiUzKWBSGVyzHe2UfpVJ95zY50Q8bz1RFyrAYVfwFAj4i', 'Filip', 'Pinjuh', 'pecurka@gmail.com', 'Strazilovska 27', 'Novi Sad', 'Serbia', '333555', 1, true);
insert into cottageOwner(username, letterOfIntent) values ('Piwneuh','Nesto');

insert into role(id, roleName) values (nextval('role_id_seq'), 'CUSTOMER');                                                               --jabuka123
insert into registeredUser(username, password, name, surname, email, address, city, country, phone, role_id, enabled) values ('imbiamba', '$2a$10$UVn74F/yEiUzKWBSGVyzHe2UfpVJ95zY50Q8bz1RFyrAYVfwFAj4i', 'Luka', 'Miletic', 'imbiamba@gmail.com', 'Kraljevica Marka 21', 'Novi Sad', 'Serbia', '4443332', 2, true);
insert into customer(username, verificationToken) values ('imbiamba',null);

insert into role(id, roleName) values (nextval('role_id_seq'), 'CUSTOMER');                                                               --jabuka123
insert into registeredUser(username, password, name, surname, email, address, city, country, phone, role_id, enabled) values ('imbiamba1', '$2a$10$UVn74F/yEiUzKWBSGVyzHe2UfpVJ95zY50Q8bz1RFyrAYVfwFAj4i', 'Luka', 'Miletic', 'imbiamba@gmail.com', 'Kraljevica Marka 21', 'Novi Sad', 'Serbia', '4443332', 3, true);
insert into customer(username, verificationToken) values ('imbiamba1',null);

insert into role(id, roleName) values (nextval('role_id_seq'), 'CUSTOMER');                                                               --jabuka123
insert into registeredUser(username, password, name, surname, email, address, city, country, phone, role_id, enabled) values ('imbiamba2', '$2a$10$UVn74F/yEiUzKWBSGVyzHe2UfpVJ95zY50Q8bz1RFyrAYVfwFAj4i', 'Luka', 'Miletic', 'imbiamba@gmail.com', 'Kraljevica Marka 21', 'Novi Sad', 'Serbia', '4443332', 4, true);
insert into customer(username, verificationToken) values ('imbiamba2',null);

insert into role(id, roleName) values (nextval('role_id_seq'), 'CUSTOMER');                                                               --jabuka123
insert into registeredUser(username, password, name, surname, email, address, city, country, phone, role_id, enabled) values ('imbiamba3', '$2a$10$UVn74F/yEiUzKWBSGVyzHe2UfpVJ95zY50Q8bz1RFyrAYVfwFAj4i', 'Luka', 'Miletic', 'imbiamba@gmail.com', 'Kraljevica Marka 21', 'Novi Sad', 'Serbia', '4443332', 5, true);
insert into customer(username, verificationToken) values ('imbiamba3',null);

insert into role(id, roleName) values (nextval('role_id_seq'), 'CUSTOMER');                                                               --jabuka123
insert into registeredUser(username, password, name, surname, email, address, city, country, phone, role_id, enabled) values ('imbiamba4', '$2a$10$UVn74F/yEiUzKWBSGVyzHe2UfpVJ95zY50Q8bz1RFyrAYVfwFAj4i', 'Luka', 'Miletic', 'imbiamba@gmail.com', 'Kraljevica Marka 21', 'Novi Sad', 'Serbia', '4443332', 6, true);
insert into customer(username, verificationToken) values ('imbiamba4',null);

insert into role(id, roleName) values (nextval('role_id_seq'), 'CUSTOMER');                                                               --jabuka123
insert into registeredUser(username, password, name, surname, email, address, city, country, phone, role_id, enabled) values ('imbiamba5', '$2a$10$UVn74F/yEiUzKWBSGVyzHe2UfpVJ95zY50Q8bz1RFyrAYVfwFAj4i', 'Luka', 'Miletic', 'imbiamba@gmail.com', 'Kraljevica Marka 21', 'Novi Sad', 'Serbia', '4443332', 7, true);
insert into customer(username, verificationToken) values ('imbiamba5',null);

insert into role(id, roleName) values (nextval('role_id_seq'), 'CUSTOMER');                                                               --jabuka123
insert into registeredUser(username, password, name, surname, email, address, city, country, phone, role_id, enabled) values ('imbiamba6', '$2a$10$UVn74F/yEiUzKWBSGVyzHe2UfpVJ95zY50Q8bz1RFyrAYVfwFAj4i', 'Luka', 'Miletic', 'imbiamba@gmail.com', 'Kraljevica Marka 21', 'Novi Sad', 'Serbia', '4443332', 8, true);
insert into customer(username, verificationToken) values ('imbiamba6',null);

insert into role(id, roleName) values (nextval('role_id_seq'), 'CUSTOMER');                                                               --jabuka123
insert into registeredUser(username, password, name, surname, email, address, city, country, phone, role_id, enabled) values ('imbiamba7', '$2a$10$UVn74F/yEiUzKWBSGVyzHe2UfpVJ95zY50Q8bz1RFyrAYVfwFAj4i', 'Luka', 'Miletic', 'imbiamba@gmail.com', 'Kraljevica Marka 21', 'Novi Sad', 'Serbia', '4443332', 9, true);
insert into customer(username, verificationToken) values ('imbiamba7',null);

insert into profileDeletionRequest(username, email, deletionReason)
values ('imbiamba', 'kisicm21@gmail.com', 'Nesto');

insert into role(id, roleName) values (nextval('role_id_seq'), 'CUSTOMER');                                                               --jabuka123
insert into registeredUser(username, password, name, surname, email, address, city, country, phone, role_id, enabled) values ('imbiamba8', '$2a$10$UVn74F/yEiUzKWBSGVyzHe2UfpVJ95zY50Q8bz1RFyrAYVfwFAj4i', 'Luka', 'Miletic', 'imbiamba@gmail.com', 'Kraljevica Marka 21', 'Novi Sad', 'Serbia', '4443332', 10, true);
insert into customer(username, verificationToken) values ('imbiamba8',null);

insert into role(id, roleName) values (nextval('role_id_seq'), 'CUSTOMER');                                                               --jabuka123
insert into registeredUser(username, password, name, surname, email, address, city, country, phone, role_id, enabled) values ('imbiamba9', '$2a$10$UVn74F/yEiUzKWBSGVyzHe2UfpVJ95zY50Q8bz1RFyrAYVfwFAj4i', 'Luka', 'Miletic', 'imbiamba@gmail.com', 'Kraljevica Marka 21', 'Novi Sad', 'Serbia', '4443332', 11, true);
insert into customer(username, verificationToken) values ('imbiamba9',null);


insert into role(id, roleName) values (nextval('role_id_seq'), 'CUSTOMER');                                                               --jabuka123
insert into registeredUser(username, password, name, surname, email, address, city, country, phone, role_id, enabled) values ('imbiamba10', '$2a$10$UVn74F/yEiUzKWBSGVyzHe2UfpVJ95zY50Q8bz1RFyrAYVfwFAj4i', 'Luka', 'Miletic', 'imbiamba@gmail.com', 'Kraljevica Marka 21', 'Novi Sad', 'Serbia', '4443332', 12, true);
insert into customer(username, verificationToken) values ('imbiamba10',null);


insert into role(id, roleName) values (nextval('role_id_seq'), 'CUSTOMER');                                                               --jabuka123
insert into registeredUser(username, password, name, surname, email, address, city, country, phone, role_id, enabled) values ('imbiamba11', '$2a$10$UVn74F/yEiUzKWBSGVyzHe2UfpVJ95zY50Q8bz1RFyrAYVfwFAj4i', 'Luka', 'Miletic', 'imbiamba@gmail.com', 'Kraljevica Marka 21', 'Novi Sad', 'Serbia', '4443332', 13, true);
insert into customer(username, verificationToken) values ('imbiamba11',null);

insert into role(id, roleName) values (nextval('role_id_seq'), 'ADMIN');                                                                 --jabuka123
insert into registeredUser(username, password, name, surname, email, address, city, country, phone, role_id, enabled) values ('mkisic', '$2a$10$UVn74F/yEiUzKWBSGVyzHe2UfpVJ95zY50Q8bz1RFyrAYVfwFAj4i', 'Mihajlo', 'Kisic', 'pecurka@gmail.com', 'Strazilovska 27', 'Novi Sad', 'Serbia', '333555', 14, true);
insert into admin(username) values ('mkisic');

insert into role(id, roleName) values (nextval('role_id_seq'), 'BOAT_OWNER');                                                             --jabuka123
insert into registeredUser(username, password, name, surname, email, address, city, country, phone, role_id, enabled) values ('Popaye', '$2a$10$UVn74F/yEiUzKWBSGVyzHe2UfpVJ95zY50Q8bz1RFyrAYVfwFAj4i', 'Filip', 'Pinjuh', 'pecurka@gmail.com', 'Strazilovska 27', 'Novi Sad', 'Serbia', '333555', 15, true);
insert into boatOwner(username, letterOfIntent) values ('Popaye','Nesto');

insert into role(id, roleName) values (nextval('role_id_seq'), 'INSTRUCTOR');                                                          --jabuka123
insert into registeredUser(username, password, name, surname, email, address, city, country, phone, role_id, enabled) values ('Fishdude', '$2a$10$UVn74F/yEiUzKWBSGVyzHe2UfpVJ95zY50Q8bz1RFyrAYVfwFAj4i', 'Filip', 'Pinjuh', 'pecurka@gmail.com', 'Strazilovska 27', 'Novi Sad', 'Serbia', '333555', 1, false);
insert into instructor(username, letterOfIntent) values ('Fishdude','Nesto');

insert into penalty(id, customerUsername, issuedAt) values (nextval('penalty_id_seq'), 'imbiamba', '2022-04-06');
insert into penalty(id, customerUsername, issuedAt) values (nextval('penalty_id_seq'), 'imbiamba', current_date);

insert into cottage(id, name, country, city, address, promoDescription, capacity, rules, price, additionalServices, cancellationFee, rooms, bedsPerRoom, owner_username, images)
values (nextval('rentable_id_seq'), 'Prvenstvo Srbije', 'Serbia', 'Petrovaradin', 'Strazilovska 18', 'Mnogo jaka!', 8, 'Pravila nema', 20, 'wifi=5;chocolate=3', 0, 2, 2, 'Piwneuh', 'c3.1.jpg;c3.2.jpg;c3.3.jpg');

insert into cottage(id, name, country, city, address, promoDescription, capacity, rules, price, additionalServices, cancellationFee, rooms, bedsPerRoom, owner_username, images)
values (nextval('rentable_id_seq'), 'Silver Mirror', 'Serbia', 'Srebrno Jezero', 'Random ulica', 'See your reflection', 8, 'Be polite.', 30, 'wifi=5;chocolate=3', 0, 3, 2, 'Piwneuh', 'c4.1.jpg;c4.2.jpg;c4.3.jpg');

insert into cottage(id, name, country, city, address, promoDescription, capacity, rules, price, additionalServices, cancellationFee, rooms, bedsPerRoom, owner_username, images)
values (nextval('rentable_id_seq'), 'Gold Mirror', 'Serbia', 'Srebrno Jezero', 'Random ulica', 'See your reflection', 8, 'Be polite.', 30, 'wifi=5;chocolate=3', 0, 3, 2, 'Piwneuh', 'c5.1.jpg;c5.2.jpg;c5.3.jpg');

insert into boat(id, name, country, city, address, promoDescription, capacity, rules, price, additionalServices, cancellationFee, boatType, length, motors, power, maxSpeed, gps, radar, vhfRadio, fishFinder, fishingEquipment, owner_username)
values (nextval('rentable_id_seq'), 'Monohull Bavaria Cruiser', 'Serbia', 'Subotica', 'Suboticka 10', 'Best boat ever!', 16, 'Be polite.', 30, 'boots=10;', 5, 'Yacht', 11.89, 4, 1600, 250, true, true, false, true, 'Much equipment', 'Popaye');

insert into adventure(id, name, country, city, address, promoDescription, capacity, rules, price, additionalServices, cancellationFee, instructorBio, fishingEquipment, owner_username, images)
values (nextval('rentable_id_seq'), 'Silver Mirror Tour', 'Serbia', 'Subotica', 'Suboticka 10', 'Best fishing ever!', 16, 'Be polite.', 30, 'boots=10;', 5, 'Very good', 'Hooks', 'Fishdude', 'a1.1.jpg;a1.2.jpg;a1.3.jpg;');

insert into saleSubscription(id, entityName, ownerUsername, customerUsername) values (nextval('sale_subscription_id_seq'), 'Prvenstvo Srbije', 'Piwneuh', 'imbiamba');

insert into freeTerm(id, type, entityName, ownerUsername, startTime, endTime) values (nextval('free_term_id_seq'), 'COTTAGE', 'Silver Mirror', 'Piwneuh', '2022-04-07', '2022-04-27');
insert into freeTerm(id, type, entityName, ownerUsername, startTime, endTime) values (nextval('free_term_id_seq'), 'COTTAGE', 'Prvenstvo Srbije', 'Piwneuh', '2022-05-15', '2022-06-28');
insert into freeTerm(id, type, entityName, ownerUsername, startTime, endTime) values (nextval('free_term_id_seq'), 'COTTAGE', 'Silver Mirror', 'Piwneuh', '2022-08-07', '2022-08-27');
insert into freeTerm(id, type, entityName, ownerUsername, startTime, endTime) values (nextval('free_term_id_seq'), 'COTTAGE', 'Gold Mirror', 'Piwneuh', '2022-08-07', '2022-08-30');
insert into freeTerm(id, type, entityName, ownerUsername, startTime, endTime) values (nextval('free_term_id_seq'), 'ADVENTURE', 'Silver Mirror Tour', 'Fishdude', '2022-06-06', '2022-06-30');


insert into reservation(id, type, name, ownerUsername, customerUsername, startTime, endTime, additionalServices, guests, isCancelled, isDeal, price, isReviewed, complaintExists, salePercent)
values (nextval('reservation_id_seq'), 'COTTAGE', 'Silver Mirror', 'Piwneuh', 'imbiamba', '2022-04-09', '2022-04-21', 'wifi', 1, false, false, 300, true, false, 0);

insert into review(reservationId, comment, rentableRating, ownerRating, isPublic, isApproved, rentableName, reservationType, ownerUsername)
values (1, 'Good cottage', 5, 5, false, false, 'Silver Mirror', 'COTTAGE', 'Piwneuh');

insert into reservation(id, type, name, ownerUsername, customerUsername, startTime, endTime, additionalServices, guests, isCancelled, isDeal, price, isReviewed, complaintExists, salePercent)
values (nextval('reservation_id_seq'), 'COTTAGE', 'Prvenstvo Srbije', 'Piwneuh', 'imbiamba', '2022-06-18', '2022-06-19', 'wifi', 1, false, false, 35, false, true, 0);

insert into complaint(id, reservationId, issuerUsername, subjectUsername, complaint, isReviewed, isFromCustomer, isForPenalty)
values (nextval('complaint_id_seq'), 2, 'Piwneuh', 'imbiamba', 'I want to cancel my reservation', false, true, false);

insert into points(id, customerPoints, ownerPoints, systemTax, silver, gold) values (1, 15, 15, 7, 500, 800);
insert into userPoints(username, points) values ('imbiamba', 0);
insert into userPoints(username, points) values ('Piwneuh', 0);
insert into userPoints(username, points) values ('Popeye', 0);
insert into userPoints(username, points) values ('Fishdude', 0);

insert into reservation(id, type, name, ownerUsername, customerUsername, startTime, endTime, additionalServices, guests, isCancelled, isDeal, price, isReviewed, complaintExists, salePercent)
values (nextval('reservation_id_seq'), 'COTTAGE', 'Silver Mirror', 'Piwneuh', null, '2022-06-09', '2022-06-21', 'wifi', 1, false, false, 300, false, false, 0);



